{"cameraMode":{"drawMode":0,"name":"Shaded","section":"Shading Mode"},"sceneLighting":false,"audioPlay":false,"sceneViewState":{"m_AlwaysRefresh":false,"showFog":true,"showSkybox":false,"showFlares":true,"showImageEffects":true,"showParticleSystems":true,"showVisualEffectGraphs":true,"m_FxEnabled":true},"in2DMode":false,"pivot":{"x":-0.036682095378637317,"y":2.559842824935913,"z":-5.915103435516357},"rotation":{"x":0.38132935762405398,"y":-0.36452725529670718,"z":0.16687870025634767,"w":0.8329894542694092},"size":0.2555607855319977,"orthographic":false}