{"cameraMode":{"drawMode":0,"name":"Shaded","section":"Shading Mode"},"sceneLighting":false,"audioPlay":false,"sceneViewState":{"m_AlwaysRefresh":false,"showFog":true,"showSkybox":false,"showFlares":true,"showImageEffects":true,"showParticleSystems":true,"showVisualEffectGraphs":true,"m_FxEnabled":true},"in2DMode":false,"pivot":{"x":-0.5214406251907349,"y":0.9603530764579773,"z":-0.6129224896430969},"rotation":{"x":0.2633731961250305,"y":0.29904764890670779,"z":-0.08624958246946335,"w":0.9131135940551758},"size":2.7048230171203615,"orthographic":false}